Benchmark,Case,path,Instructions,SG2042 CYCLE,SG2042 runtime,SG2042 score,FPGA50MHz est time,ZEBU1.5MHz EST Time,MODEL10K/Sec EST time,VCS15K/Sec EST Time,Verilator1.5M/Sec EST Time,Test Time,Cycle Time,ratio,IPC
SPEC 2006 INT SPEED,400.perlbench,/work/home/proj_common/hw/benchmark/spec_cpu_2006,2.35626E+12,2.47832E+12,0:20:39,7.885391445,33660,1472663,235626099,157084066,1570840,1239,1239.160629,0.999870373,0.950748812
SPEC 2006 INT SPEED,401.bzip2,/work/home/proj_common/hw/benchmark/spec_cpu_2006,3.11903E+12,3.52099E+12,0:29:17,5.492316448,44557,1949394,311903190,207935460,2079354,1757,1760.493613,0.998015549,0.885840165
SPEC 2006 INT SPEED,403.gcc,/work/home/proj_common/hw/benchmark/spec_cpu_2006,1.26576E+12,2.8397E+12,0:23:34,5.693069307,18082,791099,126575897,84383931,843839,1414,1419.850474,0.995879514,0.445736718
SPEC 2006 INT SPEED,429.mcf,/work/home/proj_common/hw/benchmark/spec_cpu_2006,3.20456E+11,2.9169E+12,0:24:19,9.31459904,4577,200285,32045641,21363761,213637,1459,1458.451058,1.000376387,0.109861903
SPEC 2006 INT SPEED,445.gobmk,/work/home/proj_common/hw/benchmark/spec_cpu_2006,1.95365E+12,2.16144E+12,0:17:59,18.14643188,27909,1221030,195364926,130243284,1302432,1079,1080.719377,0.998409044,0.903865195
SPEC 2006 INT SPEED,456.hmmer,/work/home/proj_common/hw/benchmark/spec_cpu_2006,3.73827E+12,2.69035E+12,0:22:25,6.780669145,53403,2336415,373826545,249217696,2492176,1345,1345.173469,0.999871044,1.38951055
SPEC 2006 INT SPEED,458.sjeng,/work/home/proj_common/hw/benchmark/spec_cpu_2006,2.73676E+12,4.5274E+12,0:37:44,4.054770318,39096,1710475,273676155,182450770,1824507,2264,2263.702191,1.000131558,0.604487986
SPEC 2006 INT SPEED,462.libquantum,/work/home/proj_common/hw/benchmark/spec_cpu_2006,2.16919E+12,3.65534E+12,0:30:27,4.980842912,30988,1355746,216919373,144612915,1446129,1827,1827.668673,0.999634139,0.593431886
SPEC 2006 INT SPEED,464.h264ref,/work/home/proj_common/hw/benchmark/spec_cpu_2006,5.66856E+12,3.57698E+12,0:29:47,3.995523223,80979,3542848,566855765,377903843,3779038,1787,1788.490459,0.999166638,1.584732428
SPEC 2006 INT SPEED,471.omnetpp,/work/home/proj_common/hw/benchmark/spec_cpu_2006,6.32636E+11,5.39887E+12,0:44:59,4.427565765,9037,395397,63263557,42175704,421757,2699,2699.434109,0.999839185,0.117179295
SPEC 2006 INT SPEED,473.astar,/work/home/proj_common/hw/benchmark/spec_cpu_2006,1.08884E+12,3.07937E+12,0:25:38,6.11183355,15554,680522,108883569,72589046,725890,1538,1539.682971,0.998906937,0.353590874
SPEC 2006 INT SPEED,483.xalancbmk,/work/home/proj_common/hw/benchmark/spec_cpu_2006,9.88628E+11,5.01782E+12,0:41:49,3.196492627,14123,617892,98862772,65908514,659085,2509,2508.908827,1.00003634,0.197023446
SPEC 2006 FP SPEED,410.bwaves,/work/home/proj_common/hw/benchmark/spec_cpu_2006,1.60797E+12,3.20681E+12,0:26:43,6.543980037,22970,1004978,160796522,107197681,1071976,1603,1603.407125,0.999746087,0.501421379
SPEC 2006 FP SPEED,416.gamess,/work/home/proj_common/hw/benchmark/spec_cpu_2006,7.398E+12,4.66285E+12,0:38:51,4.907764908,105685,4623748,739799826,493199884,4931998,2331,2331.424012,0.999818132,1.586583612
SPEC 2006 FP SPEED,433.milc,/work/home/proj_common/hw/benchmark/spec_cpu_2006,1.00353E+12,5.11735E+12,0:42:39,3.25908558,14336,627208,100353322,66902215,669022,2559,2558.676433,1.000126459,0.196103973
SPEC 2006 FP SPEED,434.zeusmp,/work/home/proj_common/hw/benchmark/spec_cpu_2006,1.64666E+12,3.55268E+12,0:29:36,2.995495495,23523,1029161,164665903,109777268,1097772,1776,1776.338593,0.999809387,0.463498074
SPEC 2006 FP SPEED,435.gromacs,/work/home/proj_common/hw/benchmark/spec_cpu_2006,1.35965E+12,4.18138E+12,0:34:52,3.943594646,19423,849779,135964674,90643116,906431,2092,2090.688581,1.000627267,0.325167209
SPEC 2006 FP SPEED,436.cactusADM,/work/home/proj_common/hw/benchmark/spec_cpu_2006,2.91411E+12,6.10356E+12,0:50:51,3.058013766,41630,1821317,291410773,194273848,1942738,3051,3051.782325,0.99974365,0.477443576
SPEC 2006 FP SPEED,437.leslie3d,/work/home/proj_common/hw/benchmark/spec_cpu_2006,1.87196E+12,3.33553E+12,0:27:47,7.25854829,26742,1169978,187196481,124797654,1247976,1667,1667.764106,0.999541838,0.561219901
SPEC 2006 FP SPEED,444.namd,/work/home/proj_common/hw/benchmark/spec_cpu_2006,1.74448E+12,3.27509E+12,0:27:17,6.481368357,24921,1090300,174448001,116298667,1162986,1637,1637.54469,0.999667374,0.532651115
SPEC 2006 FP SPEED,447.dealII,/work/home/proj_common/hw/benchmark/spec_cpu_2006,2.08025E+12,3.68767E+12,0:30:43,11.24253934,29717,1300158,208025386,138683591,1386835,1843,1843.834788,0.999547255,0.564110701
SPEC 2006 FP SPEED,450.soplex,/work/home/proj_common/hw/benchmark/spec_cpu_2006,7.79528E+11,2.2021E+12,0:18:20,20.11818182,11136,487204,77952767,51968511,519685,1100,1101.04849,0.999047735,0.353993344
SPEC 2006 FP SPEED,453.povray,/work/home/proj_common/hw/benchmark/spec_cpu_2006,1.10055E+12,2.82813E+12,0:23:35,6.954063604,15722,687844,110055164,73370109,733701,1415,1414.066383,1.000660236,0.389144265
SPEC 2006 FP SPEED,454.calculix,/work/home/proj_common/hw/benchmark/spec_cpu_2006,6.04083E+12,4.62163E+12,0:38:30,5.948051948,86297,3775517,604082731,402721821,4027218,2310,2310.814612,0.999647478,1.307077445
SPEC 2006 FP SPEED,459.GemsFDTD,/work/home/proj_common/hw/benchmark/spec_cpu_2006,1.67809E+12,4.62172E+12,0:38:30,2.705627706,23972,1048805,167808943,111872628,1118726,2310,2310.861632,0.999627138,0.363087389
SPEC 2006 FP SPEED,465.tonto,/work/home/proj_common/hw/benchmark/spec_cpu_2006,2.58224E+12,3.78033E+12,0:31:30,3.714285714,36889,1613899,258223873,172149249,1721492,1890,1890.163989,0.999913241,0.683072673
SPEC 2006 FP SPEED,470.lbm,/work/home/proj_common/hw/benchmark/spec_cpu_2006,9.51713E+11,4.31E+12,0:35:55,5.183294664,13595,594820,95171280,63447520,634475,2155,2155.001428,0.999999337,0.220814888
SPEC 2006 FP SPEED,481.wrf,/work/home/proj_common/hw/benchmark/spec_cpu_2006,3.12563E+12,4.26997E+12,0:35:35,9.128805621,44651,1953517,312562812,208375208,2083752,2135,2134.984858,1.000007092,0.732002411
SPEC 2006 FP SPEED,482.sphinx3,/work/home/proj_common/hw/benchmark/spec_cpu_2006,3.49175E+12,4.5157E+12,0:37:38,3.055801594,49882,2182346,349175439,232783626,2327836,2258,2257.849476,1.000066667,0.773247825
SPEC 2017 INT SPEED,600.perlbench_s,/work/home/proj_common/hw/benchmark/spec_cpu_2017,3.00089E+12,5.39445E+12,0:45:00,0.657407407,42869,1875556,300089047,200059364,2000593,2700,2697.227258,1.001027997,0.556291737
SPEC 2017 INT SPEED,602.gcc_s,/work/home/proj_common/hw/benchmark/spec_cpu_2017,2.45117E+12,6.05451E+12,0:50:27,1.28576148,35016,1531982,245117221,163411480,1634114,3027,3027.254939,0.999915785,0.404850642
SPEC 2017 INT SPEED,605.mcf_s,/work/home/proj_common/hw/benchmark/spec_cpu_2017,1.59787E+12,8.19565E+12,1:08:18,1.152025378,22826,998670,159787357,106524904,1065249,4098,4097.82558,1.000042564,0.194966031
SPEC 2017 INT SPEED,620.omnetpp_s,/work/home/proj_common/hw/benchmark/spec_cpu_2017,1.16781E+12,6.77046E+12,0:56:25,0.48183161,16683,729882,116781193,77854128,778541,3385,3385.228682,0.999932447,0.172486417
SPEC 2017 INT SPEED,623.xalancbmk_s,/work/home/proj_common/hw/benchmark/spec_cpu_2017,1.07461E+12,7.28697E+12,1:00:43,0.388965139,15351,671629,107460788,71640525,716405,3643,3643.486185,0.99986656,0.147469735
SPEC 2017 INT SPEED,625.x264_s,/work/home/proj_common/hw/benchmark/spec_cpu_2017,4.52651E+12,2.91891E+12,0:24:19,1.209047293,64664,2829067,452650779,301767186,3017671,1459,1459.456731,0.999687054,1.550750938
SPEC 2017 INT SPEED,631.deepsjeng_s,/work/home/proj_common/hw/benchmark/spec_cpu_2017,2.15778E+12,2.12608E+12,0:17:43,1.348071496,30825,1348615,215778423,143852282,1438522,1063,1063.040161,0.99996222,1.014911909
SPEC 2017 INT SPEED,641.leela_s,/work/home/proj_common/hw/benchmark/spec_cpu_2017,2.2561E+12,2.36261E+12,0:19:41,1.444538527,32230,1410063,225610222,150406815,1504068,1181,1181.305961,0.999740998,0.954918667
SPEC 2017 INT SPEED,648.exchange2_s,/work/home/proj_common/hw/benchmark/spec_cpu_2017,2.11444E+12,1.45513E+12,0:12:07,4.044016506,30206,1321528,211444489,140962992,1409629,727,727.5645645,0.999224035,1.453097772
SPEC 2017 INT SPEED,657.xz_s,/work/home/proj_common/hw/benchmark/spec_cpu_2017,9.67664E+12,2.38655E+13,3:18:54,0.518015753,138237,6047899,967663911,645109274,6451092,11934,11932.75549,1.000104294,0.405465407
SPEC 2017 FP SPEED,603.bwaves_s,/work/home/proj_common/hw/benchmark/spec_cpu_2017,1.87256E+13,2.56728E+13,3:33:56,4.59629168,267508,11703482,1872557133,1248371422,12483714,12836,12836.39363,0.999969334,0.729393779
SPEC 2017 FP SPEED,607.cactuBSSN_s,/work/home/proj_common/hw/benchmark/spec_cpu_2017,3.35533E+13,4.29042E+13,5:57:47,0.776540737,479332,20970797,3355327639,2236885093,22368850,21467,21452.10348,1.000694408,0.782050964
SPEC 2017 FP SPEED,619.lbm_s,/work/home/proj_common/hw/benchmark/spec_cpu_2017,4.35534E+12,1.61905E+13,2:14:56,0.646986166,62219,2722089,435534363,290356242,2903562,8096,8095.262024,1.000091162,0.269005724
SPEC 2017 FP SPEED,621.wrf_s,/work/home/proj_common/hw/benchmark/spec_cpu_2017,2.52141E+13,2.87885E+13,3:59:56,0.918727424,360202,15758839,2521414312,1680942874,16809428,14396,14394.26597,1.000120467,0.875839837
SPEC 2017 FP SPEED,627.cam4_s,/work/home/proj_common/hw/benchmark/spec_cpu_2017,1.79672E+13,2.0317E+13,2:49:23,0.872085014,256674,11229516,1796722615,1197815076,11978150,10163,10158.50618,1.000442371,0.88434391
SPEC 2017 FP SPEED,628.pop2_s,/work/home/proj_common/hw/benchmark/spec_cpu_2017,2.62814E+13,2.42174E+13,3:21:49,0.980510364,375449,16425899,2628143927,1752095951,17520959,12109,12108.6759,1.000026766,1.085231759
SPEC 2017 FP SPEED,638.imagick_s,/work/home/proj_common/hw/benchmark/spec_cpu_2017,5.66727E+13,4.77553E+13,6:38:00,0.604103853,809610,35420458,5667273427,3778182285,37781822,23880,23877.65503,1.000098208,1.186731574
SPEC 2017 FP SPEED,644.nab_s,/work/home/proj_common/hw/benchmark/spec_cpu_2017,1.79705E+13,2.66459E+13,3:42:07,1.311022736,256721,11231548,1797047834,1198031889,11980318,13327,13322.92898,1.000305565,0.674419205
SPEC 2017 FP SPEED,649.fotonik3d_s,/work/home/proj_common/hw/benchmark/spec_cpu_2017,9.76198E+12,1.1752E+13,1:37:57,1.55113153,139456,6101238,976198162,650798774,6507987,5877,5876.014394,1.000167734,0.830663522
SPEC 2017 FP SPEED,654.roms_s,/work/home/proj_common/hw/benchmark/spec_cpu_2017,2.3496E+13,2.82677E+13,3:55:34,1.113980473,335657,14685019,2349603126,1566402084,15664020,14134,14133.83627,1.000011584,0.831197943
PTS,glibc-bench/cos,/work/home/proj_common/hw/benchmark/pts/glibc-bench-1.8.0/run.sh,3628699591,4641230593,0:00:02,,51,2267,362869,241913,2419,02,2.320615297,0.861840393,0.781839971
PTS,glibc-bench/sin,/work/home/proj_common/hw/benchmark/pts/glibc-bench-1.8.0/run.sh,7275312977,8823117048,0:00:04,,103,4547,727531,485020,4850,04,4.411558524,0.906709041,0.824574007
PTS,glibc-bench/sqrt,/work/home/proj_common/hw/benchmark/pts/glibc-bench-1.8.0/run.sh,1638723746,4258343598,0:00:02,,23,1024,163872,109248,1092,02,2.129171799,0.939332374,0.384826567
PTS,glibc-bench/pthread_once,/work/home/proj_common/hw/benchmark/pts/glibc-bench-1.8.0/run.sh,1721769519,4271152613,0:00:02,,24,1076,172176,114784,1147,02,2.135576307,0.936515354,0.403115898
PTS,dav1d/Summer Nature 4K - Single Core,/work/home/proj_common/hw/benchmark/pts/dav1d-1.14.0/run.sh,8.47081E+12,5.73938E+12,0:47:51,,121011,5294255,847080883,564720589,5647205,2871,2869.688978,1.000456852,1.475910613
PTS,dav1d/Summer Nature 1080p - Single Core,/work/home/proj_common/hw/benchmark/pts/dav1d-1.14.0/run.sh,1.72061E+12,1.11822E+12,0:09:19,,24580,1075383,172061365,114707577,1147075,559,559.1110806,0.999801326,1.538704665
PTS,tjbench,/work/home/proj_common/hw/benchmark/pts/tjbench-1.2.0/run.sh,1.07767E+11,52957936667,0:00:26,,1539,67354,10776730,7184486,71844,26,26.47896833,0.981911367,2.034960412
PTS,pybench,/work/home/proj_common/hw/benchmark/pts/pybench-1.1.3/run.sh,3.73287E+11,2.22248E+11,0:01:51,,5332,233304,37328692,24885794,248857,111,111.1242309,0.998882054,1.679592834
PTS,c-ray,/work/home/proj_common/hw/benchmark/pts/c-ray-1.2.0/run.sh,4.83376E+12,4.41967E+12,0:36:50,,69053,3021099,483375878,322250585,3222505,2210,2209.836034,1.000074198,1.093691728
PTS,system/gimp/resize,/work/home/proj_common/hw/benchmark/pts/gimp-1.1.3/run.sh,8229723391,9382096674,0:00:04,,117,5143,822972,548648,5486,04,4.691048337,0.852687867,0.87717316
PTS,system/gimp/rotate,/work/home/proj_common/hw/benchmark/pts/gimp-1.1.3/run.sh,8226881511,9239155495,0:00:04,,117,5141,822688,548458,5484,04,4.619577748,0.865880004,0.890436525
PTS,system/gimp/auto-levels,/work/home/proj_common/hw/benchmark/pts/gimp-1.1.3/run.sh,8212816047,9465427693,0:00:04,,117,5133,821281,547521,5475,04,4.732713847,0.845181038,0.867664549
PTS,system/gimp/unsharp-mask,/work/home/proj_common/hw/benchmark/pts/gimp-1.1.3/run.sh,8248684309,9288861311,0:00:04,,117,5155,824868,549912,5499,04,4.644430656,0.861246576,0.88801889
PTS,cython-bench,/work/home/proj_common/hw/benchmark/pts/cython-bench-1.1.0/run.sh,3.17608E+11,3.00791E+11,0:02:30,,4537,198505,31760839,21173893,211738,150,150.3953426,0.997371311,1.055911672
PTS,phpbench,/work/home/proj_common/hw/benchmark/pts/phpbench-1.1.6/run.sh,4.80025E+11,4.76979E+11,0:03:58,,6857,300015,48002495,32001663,320016,238,238.4894792,0.997947586,1.006386012
PTS,redis/get,/work/home/proj_common/hw/benchmark/pts/redis-1.4.0/run.sh,66140355718,56472755066,0:02:04,,944,41337,6614035,4409357,44093,124,28.23637753,4.391498161,1.171190526
PTS,redis/set,/work/home/proj_common/hw/benchmark/pts/redis-1.4.0/run.sh,67739866741,58598321485,0:02:44,,967,42337,6773986,4515991,45159,164,29.29916074,5.597429955,1.156003534
PTS,stress-ng: MMAP,/work/home/proj_common/hw/benchmark/pts/stress-ng-1.11.0/run.sh,28030056449,64049137232,0:00:30,,400,17518,2803005,1868670,18686,30,32.02456862,0.936780769,0.43763363
PTS,stress-ng: MEMFD,/work/home/proj_common/hw/benchmark/pts/stress-ng-1.11.0/run.sh,34256188656,59945375348,0:00:30,,489,21410,3425618,2283745,22837,30,29.97268767,1.00091124,0.571456738
PTS,stress-ng: Atomic,/work/home/proj_common/hw/benchmark/pts/stress-ng-1.11.0/run.sh,15978949669,60152709788,0:00:30,,228,9986,1597894,1065263,10652,30,30.07635489,0.997461298,0.265639731
PTS,stress-ng: Crypto,/work/home/proj_common/hw/benchmark/pts/stress-ng-1.11.0/run.sh,1.22841E+11,60022324951,0:00:30,,1754,76775,12284059,8189373,81893,30,30.01116248,0.999628056,2.046581753
PTS,stress-ng: Malloc,/work/home/proj_common/hw/benchmark/pts/stress-ng-1.11.0/run.sh,35906366844,60193563678,0:00:30,,512,22441,3590636,2393757,23937,30,30.09678184,0.996784313,0.596515053
PTS,stress-ng: Forking,/work/home/proj_common/hw/benchmark/pts/stress-ng-1.11.0/run.sh,22346260434,55208090410,0:00:30,,319,13966,2234626,1489750,14897,30,27.60404521,1.086797235,0.404764234
PTS,stress-ng: SENDFILE,/work/home/proj_common/hw/benchmark/pts/stress-ng-1.11.0/run.sh,42299463958,60016933932,0:00:30,,604,26437,4229946,2819964,28199,30,30.00846697,0.999717847,0.704792151
PTS,stress-ng: CPU Cache,/work/home/proj_common/hw/benchmark/pts/stress-ng-1.11.0/run.sh,63298816310,60024618405,0:00:30,,904,39561,6329881,4219921,42199,30,30.0123092,0.999589862,1.054547584
PTS,stress-ng: CPU Stress,/work/home/proj_common/hw/benchmark/pts/stress-ng-1.11.0/run.sh,72985104393,60020338652,0:00:30,,1042,45615,7298510,4865673,48656,30,30.01016933,0.999661137,1.216006208
PTS,stress-ng: Semaphores,/work/home/proj_common/hw/benchmark/pts/stress-ng-1.11.0/run.sh,40152308854,60021360819,0:00:30,,573,25095,4015230,2676820,26768,30,30.01068041,0.999644113,0.668966986
PTS,stress-ng: Matrix Math,/work/home/proj_common/hw/benchmark/pts/stress-ng-1.11.0/run.sh,40129680488,60023525214,0:00:30,,573,25081,4012968,2675312,26753,30,30.01176261,0.999608067,0.668565872
PTS,stress-ng: Vector Math,/work/home/proj_common/hw/benchmark/pts/stress-ng-1.11.0/run.sh,97597396259,60020907526,0:00:30,,1394,60998,9759739,6506493,65064,30,30.01045376,0.999651663,1.626056657
PTS,stress-ng: Memory Copying,/work/home/proj_common/hw/benchmark/pts/stress-ng-1.11.0/run.sh,1.55243E+11,60048749444,0:00:30,,2217,97027,15524327,10349551,103495,30,30.02437472,0.999188169,2.585287339
PTS,stress-ng: Socket Activity,/work/home/proj_common/hw/benchmark/pts/stress-ng-1.11.0/run.sh,23763686906,59931171328,0:00:30,,339,14852,2376368,1584245,15842,30,29.96558566,1.001148462,0.39651631
PTS,stress-ng: Context Switching,/work/home/proj_common/hw/benchmark/pts/stress-ng-1.11.0/run.sh,38391123502,60019671909,0:00:30,,548,23994,3839112,2559408,25594,30,30.00983595,0.999672242,0.639642342
PTS,stress-ng: Glibc C String Functions,/work/home/proj_common/hw/benchmark/pts/stress-ng-1.11.0/run.sh,94927788102,60022626143,0:00:30,,1356,59329,9492778,6328519,63285,30,30.01131307,0.99962304,1.581533402
PTS,stress-ng: Glibc Qsort Data Sorting,/work/home/proj_common/hw/benchmark/pts/stress-ng-1.11.0/run.sh,62548888556,60021548100,0:00:30,,893,39093,6254888,4169925,41699,30,30.01077405,0.999640994,1.042107219
PTS,stress-ng: System V Message Passing,/work/home/proj_common/hw/benchmark/pts/stress-ng-1.11.0/run.sh,38440619823,60019440285,0:00:30,,549,24025,3844061,2562707,25627,30,30.00972014,0.9996761,0.640469482
PTS,hackbench,/work/home/proj_common/hw/benchmark/pts/hackbench-1.0.0/run.sh,1.97555E+11,3.73953E+11,0:03:07,,2822,123471,19755462,13170308,131703,187,186.9763453,1.000126512,0.528287753
PTS,dacapobench,/work/home/proj_common/hw/benchmark/pts/dacapobench-1.1.0/run.sh,8.65676E+12,1.28202E+13,1:46:32,,123668,5410478,865676482,577117654,5771176,6392,6410.081872,0.997179151,0.675246042
PTS,povray,/work/home/proj_common/hw/benchmark/pts/povray-1.2.1/run.sh,5.8803E+12,4.30136E+12,0:35:53,,84004,3675188,588030115,392020077,3920200,2153,2150.679977,1.00107874,1.367079533
PTS,rodinia,/work/home/proj_common/hw/benchmark/pts/rodinia-1.3.2/run.sh,2.59488E+13,2.12362E+13,2:57:04,,370697,16218004,2594880715,1729920477,17299204,10624,10618.0954,1.000556088,1.221914391
PTS,system/tesseract-ocr,/work/home/proj_common/hw/benchmark/pts/tesseract-ocr-1.0.1/run.sh,6.11253E+11,3.54146E+11,0:02:57,,8732,382033,61125294,40750196,407501,177,177.0731018,0.999587166,1.725990392
PTS,renaissance,/work/home/proj_common/hw/benchmark/pts/renaissance-1.3.0/run.sh,2.08872E+13,3.78766E+13,5:02:57,,298388,13054490,2088718530,1392479020,13924790,18177,18938.28614,0.95980174,0.551453947
PTS,compress-7zip,/work/home/proj_common/hw/pts-lhding/compress-7zip-1.10.0/run.sh,1.46197E+11,1.74119E+11,0:01:27,1563,2088,91373,14619724,9746482,97464,87,87.05941531,0.999317531,0.839640612
PTS,compress-zstd -b3 Compressed,/work/home/proj_common/hw/pts-lhding/compress-zstd-1.6.0/run.sh,32989294251,35821613980,0:00:17,18.6 MB/s,471,20618,3298929,2199286,21992,17,17.91080699,0.94914763,0.92093266
PTS,compress-zstd -b3 Decompressed,/work/home/proj_common/hw/pts-lhding/compress-zstd-1.6.0/run.sh,32989294251,35821613980,0:00:17,56.5 MB/s,471,20618,3298929,2199286,21992,17,17.91080699,0.94914763,0.92093266
PTS,compress-zstd -b3 --long Compressed,/work/home/proj_common/hw/pts-lhding/compress-zstd-1.6.0/run.sh,36263276145,39388018057,0:00:18,16.1 MB/s,518,22664,3626327,2417551,24175,18,19.69400903,0.913983535,0.920667704
PTS,compress-zstd -b3 --long Decompressed,/work/home/proj_common/hw/pts-lhding/compress-zstd-1.6.0/run.sh,36263276145,39388018057,0:00:18,57.3 MB/s,518,22664,3626327,2417551,24175,18,19.69400903,0.913983535,0.920667704
PTS,compress-zstd -b8 Compressed,/work/home/proj_common/hw/pts-lhding/compress-zstd-1.6.0/run.sh,99631650073,1.18063E+11,0:00:59,4.10 MB/s,1423,62269,9963165,6642110,66421,59,59.03173385,0.999462427,0.843882126
PTS,compress-zstd -b8 Decompressed,/work/home/proj_common/hw/pts-lhding/compress-zstd-1.6.0/run.sh,99631650073,1.18063E+11,0:00:59,59.1 MB/s,1423,62269,9963165,6642110,66421,59,59.03173385,0.999462427,0.843882126
PTS,compress-zstd -b8 --long Compressed,/work/home/proj_common/hw/pts-lhding/compress-zstd-1.6.0/run.sh,99849189460,1.22006E+11,0:01:01,3.87 MB/s,1426,62405,9984918,6656612,66566,61,61.00322552,0.999947125,0.818392705
PTS,compress-zstd -b8 --long Decompressed,/work/home/proj_common/hw/pts-lhding/compress-zstd-1.6.0/run.sh,99849189460,1.22006E+11,0:01:01,56.8 MB/s,1426,62405,9984918,6656612,66566,61,61.00322552,0.999947125,0.818392705
PTS,compress-zstd -b12 Compressed,/work/home/proj_common/hw/pts-lhding/compress-zstd-1.6.0/run.sh,1.83449E+11,2.93769E+11,0:02:26,1.49 MB/s,2620,114655,18344893,12229928,122299,146,146.8846161,0.993977476,0.624466123
PTS,compress-zstd -b12 Decompressed,/work/home/proj_common/hw/pts-lhding/compress-zstd-1.6.0/run.sh,1.83449E+11,2.93769E+11,0:02:26,58.7 MB/s,2620,114655,18344893,12229928,122299,146,146.8846161,0.993977476,0.624466123
PTS,compress-zstd -b19 Compressed,/work/home/proj_common/hw/pts-lhding/compress-zstd-1.6.0/run.sh,1.17109E+12,9.68297E+11,0:08:04,0.44 MB/s,16729,731932,117109126,78072750,780727,484,484.1483423,0.999693602,1.209434342
PTS,compress-zstd -b19 Decompressed,/work/home/proj_common/hw/pts-lhding/compress-zstd-1.6.0/run.sh,1.17109E+12,9.68297E+11,0:08:04,52.1 MB/s,16729,731932,117109126,78072750,780727,484,484.1483423,0.999693602,1.209434342
PTS,compress-zstd -b19 --long Compressed,/work/home/proj_common/hw/pts-lhding/compress-zstd-1.6.0/run.sh,1.19758E+12,1.00611E+12,0:08:31,0.42 MB/s,17108,748489,119758266,79838844,798388,511,503.0566371,1.015790196,1.190305993
PTS,compress-zstd -b19 --long Decompressed,/work/home/proj_common/hw/pts-lhding/compress-zstd-1.6.0/run.sh,1.19758E+12,1.00611E+12,0:08:31,51.1 MB/s,17108,748489,119758266,79838844,798388,511,503.0566371,1.015790196,1.190305993
PTS,openssl RSA4096(sign/s),/work/home/proj_common/hw/pts-lhding/openssl-3.1.0/run.sh,2.36174E+11,1.20155E+11,0:01:00,31.3 sign/s,3373,147608,23617358,15744905,157449,60,60.07771122,0.998706488,1.965567461
PTS,openssl RSA4096(verify/s),/work/home/proj_common/hw/pts-lhding/openssl-3.1.0/run.sh,2.36174E+11,1.20155E+11,0:01:00,2438.7 verify/s,3373,147608,23617358,15744905,157449,60,60.07771122,0.998706488,1.965567461
PTS,openssl SHA256,/work/home/proj_common/hw/pts-lhding/openssl-3.1.0/run.sh,7.41702E+11,3.5998E+11,0:03:00,41516.95k,10595,463563,74170201,49446801,494468,180,179.9901954,1.000054473,2.060395611
PTS,openssl SHA512,/work/home/proj_common/hw/pts-lhding/openssl-3.1.0/run.sh,7.16135E+11,3.60029E+11,0:03:00,60342.52k,10230,447584,71613543,47742362,477423,180,180.0146263,0.99991875,1.989103467
PTS,openssl AES-128-GCM,/work/home/proj_common/hw/pts-lhding/openssl-3.1.0/run.sh,7.86956E+11,3.6004E+11,0:03:00,39546.97k,11242,491847,78695591,52463727,524637,180,180.0199195,0.999889348,2.185746775
PTS,openssl AES-256-GCM,/work/home/proj_common/hw/pts-lhding/openssl-3.1.0/run.sh,7.93642E+11,3.60027E+11,0:03:00,33057.28k,11337,496025,79364155,52909436,529094,180,180.0133477,0.999925852,2.2043964
PTS,openssl ChaCha20,/work/home/proj_common/hw/pts-lhding/openssl-3.1.0/run.sh,7.01708E+11,3.59983E+11,0:03:00,87250.07k,10024,438567,70170770,46780513,467805,180,179.9912652,1.000048529,1.949282651
PTS,openssl ChaCha20-Poly1305,/work/home/proj_common/hw/pts-lhding/openssl-3.1.0/run.sh,6.62449E+11,3.59983E+11,0:03:00,70321.15k,9463,414030,66244860,44163240,441632,180,179.9917022,1.000046101,1.84021985
PTS,compress-lz4: 1 - Compression Speed,/work/home/proj_common/hw/pts-lhding/compress-lz4-1.0.0/run.sh,1.35375E+11,1.23932E+11,0:01:02,1237.53 MB/s,1933,84609,13537484,9024989,90249,62,61.96613555,1.000546499,1.092329248
PTS,compress-lz4: 1 - Decompression Speed,/work/home/proj_common/hw/pts-lhding/compress-lz4-1.0.0/run.sh,1.35375E+11,1.23932E+11,0:01:02,1358.8 MB/s,1933,84609,13537484,9024989,90249,62,61.96613555,1.000546499,1.092329248
PTS,compress-lz4: 3 - Compression Speed,/work/home/proj_common/hw/pts-lhding/compress-lz4-1.0.0/run.sh,4.66772E+11,4.88506E+11,0:04:14,10.62 MB/s,6668,291732,46677236,31118157,311181,254,244.2530929,1.039904948,0.955509636
PTS,compress-lz4: 3 - Decompression Speed,/work/home/proj_common/hw/pts-lhding/compress-lz4-1.0.0/run.sh,4.66772E+11,4.88506E+11,0:04:14,1156.2 MB/s,6668,291732,46677236,31118157,311181,254,244.2530929,1.039904948,0.955509636
PTS,compress-lz4: 9 - Compression Speed,/work/home/proj_common/hw/pts-lhding/compress-lz4-1.0.0/run.sh,4.82462E+11,4.97177E+11,0:04:18,10.37 MB/s,6892,301538,48246208,32164139,321641,258,248.5884951,1.037859777,0.970403092
PTS,compress-lz4: 9 - Decompression Speed,/work/home/proj_common/hw/pts-lhding/compress-lz4-1.0.0/run.sh,4.82462E+11,4.97177E+11,0:04:18,1144.2 MB/s,6892,301538,48246208,32164139,321641,258,248.5884951,1.037859777,0.970403092
PTS,MariaDB 128,/work/home/proj_common/hw/pts-lhding/mysqlslap-1.4.0/run.sh,6.88074E+11,2.59144E+12,0:23:00,13.347 s,9829,430046,68807448,45871632,458716,1380,1295.721395,1.06504377,0.265517915
PTS,MariaDB 256,/work/home/proj_common/hw/pts-lhding/mysqlslap-1.4.0/run.sh,7.99367E+11,3.05349E+12,0:27:00,14.548 s,11419,499604,79936745,53291163,532911,1620,1526.746222,1.061080078,0.261787927
